R6	phone-390x844-light	port=5301	rc=0	start=2026-10-10T18:24:43Z	end=2026-10-10T18:28:08Z
R6	phone-390x844-dark	port=5301	rc=0	start=2026-10-10T18:24:43Z	end=2026-10-10T18:28:09Z
R6	phone-375x667-dark	port=5301	rc=0	start=2026-10-10T18:28:09Z	end=2026-10-10T18:30:39Z
R6	phone-375x667-light	port=5301	rc=0	start=2026-10-10T18:28:08Z	end=2026-10-10T18:30:42Z
R6	desktop-1440x900-light	port=5301	rc=0	start=2026-10-10T18:30:39Z	end=2026-10-10T18:34:29Z
R6	desktop-1440x900-dark	port=5301	rc=0	start=2026-10-10T18:30:42Z	end=2026-10-10T18:36:24Z
R6	phone-390x844-dark-reduced-motion	port=5301	rc=0	start=2026-10-10T18:34:29Z	end=2026-10-10T18:38:54Z
R6	phone-844x390-light	port=5301	rc=0	start=2026-10-10T18:36:24Z	end=2026-10-10T18:39:37Z
R6	phone-844x390-dark	port=5301	rc=0	start=2026-10-10T18:38:54Z	end=2026-10-10T18:43:19Z
INT	phone-844x390-light	port=5303	rc=0	start=2026-10-10T18:39:37Z	end=2026-10-10T18:45:51Z
INT	phone-844x390-dark	port=5303	rc=0	start=2026-10-10T18:43:19Z	end=2026-10-10T18:49:27Z
