R6	390x844-light-100pct	port=5301	rc=0	start=2026-10-10T18:28:21Z	end=2026-10-10T18:30:02Z
R6	390x844-light-200pct	port=5301	rc=0	start=2026-10-10T18:30:02Z	end=2026-10-10T18:31:39Z
R6	390x844-dark-100pct	port=5301	rc=0	start=2026-10-10T18:31:39Z	end=2026-10-10T18:34:09Z
R6	390x844-dark-200pct	port=5301	rc=0	start=2026-10-10T18:34:09Z	end=2026-10-10T18:38:08Z
R6	375x667-light-100pct	port=5301	rc=0	start=2026-10-10T18:38:08Z	end=2026-10-10T18:42:03Z
R6	375x667-light-200pct	port=5301	rc=0	start=2026-10-10T18:42:03Z	end=2026-10-10T18:47:08Z
R6	375x667-dark-100pct	port=5301	rc=0	start=2026-10-10T18:47:08Z	end=2026-10-10T18:52:02Z
INT	390x844-light-100pct	port=5303	rc=0	start=2026-10-10T18:49:33Z	end=2026-10-10T18:53:32Z
R6	375x667-dark-200pct	port=5301	rc=0	start=2026-10-10T18:52:02Z	end=2026-10-10T18:55:44Z
INT	390x844-light-200pct	port=5303	rc=0	start=2026-10-10T18:53:32Z	end=2026-10-10T18:58:15Z
R6	1440x900-light-100pct	port=5301	rc=0	start=2026-10-10T18:55:44Z	end=2026-10-10T19:01:30Z
INT	390x844-dark-100pct	port=5303	rc=0	start=2026-10-10T18:58:15Z	end=2026-10-10T19:02:52Z
R6	1440x900-light-200pct	port=5301	rc=0	start=2026-10-10T19:01:30Z	end=2026-10-10T19:04:25Z
INT	390x844-dark-200pct	port=5303	rc=0	start=2026-10-10T19:02:52Z	end=2026-10-10T19:05:46Z
R6	1440x900-dark-100pct	port=5301	rc=0	start=2026-10-10T19:04:25Z	end=2026-10-10T19:07:51Z
INT	375x667-light-100pct	port=5303	rc=0	start=2026-10-10T19:05:46Z	end=2026-10-10T19:09:13Z
R6	1440x900-dark-200pct	port=5301	rc=0	start=2026-10-10T19:07:51Z	end=2026-10-10T19:10:40Z
R6	390x844-light-100pct	port=5301	rc=0	start=2026-10-10T19:08:13Z	end=2026-10-10T19:11:56Z
INT	375x667-light-200pct	port=5303	rc=0	start=2026-10-10T19:09:13Z	end=2026-10-10T19:13:10Z
R6	844x390-light-100pct	port=5301	rc=0	start=2026-10-10T19:10:40Z	end=2026-10-10T19:15:01Z
INT	375x667-dark-100pct	port=5303	rc=0	start=2026-10-10T19:13:10Z	end=2026-10-10T19:16:25Z
R6	844x390-light-200pct	port=5301	rc=0	start=2026-10-10T19:15:01Z	end=2026-10-10T19:17:51Z
INT	375x667-dark-200pct	port=5303	rc=0	start=2026-10-10T19:16:25Z	end=2026-10-10T19:19:12Z
R6	844x390-dark-100pct	port=5301	rc=0	start=2026-10-10T19:17:51Z	end=2026-10-10T19:20:31Z
INT	1440x900-light-100pct	port=5303	rc=0	start=2026-10-10T19:19:12Z	end=2026-10-10T19:22:14Z
R6	844x390-dark-200pct	port=5301	rc=0	start=2026-10-10T19:20:31Z	end=2026-10-10T19:23:34Z
INT	1440x900-light-200pct	port=5303	rc=0	start=2026-10-10T19:22:14Z	end=2026-10-10T19:25:31Z
INT	1440x900-dark-100pct	port=5303	rc=0	start=2026-10-10T19:25:31Z	end=2026-10-10T19:27:05Z
INT	1440x900-dark-200pct	port=5303	rc=0	start=2026-10-10T19:27:05Z	end=2026-10-10T19:28:34Z
INT	844x390-light-100pct	port=5303	rc=0	start=2026-10-10T19:28:34Z	end=2026-10-10T19:30:06Z
INT	844x390-light-200pct	port=5303	rc=0	start=2026-10-10T19:30:06Z	end=2026-10-10T19:31:41Z
INT	844x390-dark-100pct	port=5303	rc=0	start=2026-10-10T19:31:41Z	end=2026-10-10T19:33:18Z
INT	844x390-dark-200pct	port=5303	rc=0	start=2026-10-10T19:33:18Z	end=2026-10-10T19:34:37Z
